{ 
    "GOB_Green_Oak":    {"fm_k":27.8,"fv_k":4.01,"fc_0_k":17.2,"fc_90_k":6.1,"ft_0_k":0.00,"ft_90_k":0.00,"rho_k":0.0,"rho_mean":100,"E_mean":9260, "E0_05":7130,"G_mean":590,"type":"Solid_Timber","material_type": "Timber"},
    
    "C14":              {"fm_k":14.0,"fv_k":3.00,"fc_0_k":16.0,"fc_90_k":2.0,"ft_0_k":7.20,"ft_90_k":0.40,"rho_k":290,"rho_mean":350,"E_mean":7000, "E0_05":4700,"G_mean":440,"type":"Solid_Timber","material_type": "Timber"},
    "C16":              {"fm_k":16.0,"fv_k":3.20,"fc_0_k":17.0,"fc_90_k":2.2,"ft_0_k":8.50,"ft_90_k":0.40,"rho_k":310,"rho_mean":370,"E_mean":8000, "E0_05":5400,"G_mean":500,"type":"Solid_Timber","material_type": "Timber"},
    "C18":              {"fm_k":18.0,"fv_k":3.40,"fc_0_k":18.0,"fc_90_k":2.2,"ft_0_k":10.0,"ft_90_k":0.40,"rho_k":320,"rho_mean":380,"E_mean":9000, "E0_05":6000,"G_mean":560,"type":"Solid_Timber","material_type": "Timber"},
    "C20":              {"fm_k":20.0,"fv_k":3.60,"fc_0_k":19.0,"fc_90_k":2.3,"ft_0_k":11.5,"ft_90_k":0.40,"rho_k":330,"rho_mean":400,"E_mean":9500, "E0_05":6400,"G_mean":590,"type":"Solid_Timber","material_type": "Timber"},
    "C22":              {"fm_k":22.0,"fv_k":3.80,"fc_0_k":20.0,"fc_90_k":2.4,"ft_0_k":13.0,"ft_90_k":0.40,"rho_k":340,"rho_mean":410,"E_mean":10000,"E0_05":6700,"G_mean":630,"type":"Solid_Timber","material_type": "Timber"},
    "C24":              {"fm_k":24.0,"fv_k":4.00,"fc_0_k":21.0,"fc_90_k":2.5,"ft_0_k":14.5,"ft_90_k":0.40,"rho_k":350,"rho_mean":410,"E_mean":10500,"E0_05":7400,"G_mean":690,"type":"Solid_Timber","material_type": "Timber"}
}